areaCode,areaName,areaType,date,newCasesBySpecimenDate
E92000001,England,nation,2023-12-13,583
E92000001,England,nation,2023-12-12,1040
E92000001,England,nation,2023-12-11,1183
E92000001,England,nation,2023-12-10,947
E92000001,England,nation,2023-12-09,771
E92000001,England,nation,2023-12-08,882
E92000001,England,nation,2023-12-07,807
E92000001,England,nation,2023-12-06,945
E92000001,England,nation,2023-12-05,933
E92000001,England,nation,2023-12-04,950
E92000001,England,nation,2023-12-03,687
E92000001,England,nation,2023-12-02,519
E92000001,England,nation,2023-12-01,538
E92000001,England,nation,2023-11-30,655
E92000001,England,nation,2023-11-29,727
E92000001,England,nation,2023-11-28,682
E92000001,England,nation,2023-11-27,685
E92000001,England,nation,2023-11-26,506
E92000001,England,nation,2023-11-25,424
E92000001,England,nation,2023-11-24,545
E92000001,England,nation,2023-11-23,562
E92000001,England,nation,2023-11-22,612
E92000001,England,nation,2023-11-21,590
E92000001,England,nation,2023-11-20,695
E92000001,England,nation,2023-11-19,547
E92000001,England,nation,2023-11-18,449
E92000001,England,nation,2023-11-17,510
E92000001,England,nation,2023-11-16,662
E92000001,England,nation,2023-11-15,629
E92000001,England,nation,2023-11-14,760
E92000001,England,nation,2023-11-13,739
E92000001,England,nation,2023-11-12,593
E92000001,England,nation,2023-11-11,291
E92000001,England,nation,2023-11-10,275
E92000001,England,nation,2023-11-09,493
E92000001,England,nation,2023-11-08,693
E92000001,England,nation,2023-11-07,817
E92000001,England,nation,2023-11-06,780
E92000001,England,nation,2023-11-05,683
E92000001,England,nation,2023-11-04,592
E92000001,England,nation,2023-11-03,734
E92000001,England,nation,2023-11-02,809
E92000001,England,nation,2023-11-01,865
E92000001,England,nation,2023-10-31,954
E92000001,England,nation,2023-10-30,1011
E92000001,England,nation,2023-10-29,847
E92000001,England,nation,2023-10-28,737
E92000001,England,nation,2023-10-27,932
E92000001,England,nation,2023-10-26,1013
E92000001,England,nation,2023-10-25,1021
E92000001,England,nation,2023-10-24,1151
E92000001,England,nation,2023-10-23,1175
E92000001,England,nation,2023-10-22,988
E92000001,England,nation,2023-10-21,868
E92000001,England,nation,2023-10-20,1145
E92000001,England,nation,2023-10-19,1320
E92000001,England,nation,2023-10-18,1395
E92000001,England,nation,2023-10-17,1411
E92000001,England,nation,2023-10-16,1445
E92000001,England,nation,2023-10-15,1219
E92000001,England,nation,2023-10-14,1120
E92000001,England,nation,2023-10-13,1467
E92000001,England,nation,2023-10-12,1543
E92000001,England,nation,2023-10-11,1894
E92000001,England,nation,2023-10-10,2027
E92000001,England,nation,2023-10-09,2234
E92000001,England,nation,2023-10-08,2068
E92000001,England,nation,2023-10-07,1666
E92000001,England,nation,2023-10-06,2116
E92000001,England,nation,2023-10-05,2254
E92000001,England,nation,2023-10-04,2447
E92000001,England,nation,2023-10-03,2658
E92000001,England,nation,2023-10-02,2645
E92000001,England,nation,2023-10-01,2360
E92000001,England,nation,2023-09-30,1928
E92000001,England,nation,2023-09-29,2125
E92000001,England,nation,2023-09-28,2318
E92000001,England,nation,2023-09-27,2667
E92000001,England,nation,2023-09-26,2698
E92000001,England,nation,2023-09-25,2561
E92000001,England,nation,2023-09-24,2007
E92000001,England,nation,2023-09-23,1555
E92000001,England,nation,2023-09-22,1680
E92000001,England,nation,2023-09-21,1825
E92000001,England,nation,2023-09-20,1893
E92000001,England,nation,2023-09-19,1950
E92000001,England,nation,2023-09-18,1929
E92000001,England,nation,2023-09-17,1605
E92000001,England,nation,2023-09-16,1318
E92000001,England,nation,2023-09-15,1341
E92000001,England,nation,2023-09-14,1532
E92000001,England,nation,2023-09-13,1522
E92000001,England,nation,2023-09-12,1675
E92000001,England,nation,2023-09-11,1824
E92000001,England,nation,2023-09-10,1580
E92000001,England,nation,2023-09-09,1334
E92000001,England,nation,2023-09-08,1548
E92000001,England,nation,2023-09-07,1708
E92000001,England,nation,2023-09-06,1860
E92000001,England,nation,2023-09-05,1891
E92000001,England,nation,2023-09-04,1969
E92000001,England,nation,2023-09-03,1637
E92000001,England,nation,2023-09-02,1327
E92000001,England,nation,2023-09-01,1512
E92000001,England,nation,2023-08-31,1446
E92000001,England,nation,2023-08-30,1488
E92000001,England,nation,2023-08-29,1368
E92000001,England,nation,2023-08-28,1089
E92000001,England,nation,2023-08-27,901
E92000001,England,nation,2023-08-26,856
E92000001,England,nation,2023-08-25,988
E92000001,England,nation,2023-08-24,1098
E92000001,England,nation,2023-08-23,1096
E92000001,England,nation,2023-08-22,1177
E92000001,England,nation,2023-08-21,1182
E92000001,England,nation,2023-08-20,963
E92000001,England,nation,2023-08-19,848
E92000001,England,nation,2023-08-18,991
E92000001,England,nation,2023-08-17,1047
E92000001,England,nation,2023-08-16,1070
E92000001,England,nation,2023-08-15,1092
E92000001,England,nation,2023-08-14,1098
E92000001,England,nation,2023-08-13,976
E92000001,England,nation,2023-08-12,853
E92000001,England,nation,2023-08-11,919
E92000001,England,nation,2023-08-10,990
E92000001,England,nation,2023-08-09,1034
E92000001,England,nation,2023-08-08,1088
E92000001,England,nation,2023-08-07,1021
E92000001,England,nation,2023-08-06,827
E92000001,England,nation,2023-08-05,681
E92000001,England,nation,2023-08-04,771
E92000001,England,nation,2023-08-03,807
E92000001,England,nation,2023-08-02,824
E92000001,England,nation,2023-08-01,846
E92000001,England,nation,2023-07-31,847
E92000001,England,nation,2023-07-30,752
E92000001,England,nation,2023-07-29,629
E92000001,England,nation,2023-07-28,625
E92000001,England,nation,2023-07-27,629
E92000001,England,nation,2023-07-26,622
E92000001,England,nation,2023-07-25,647
E92000001,England,nation,2023-07-24,630
E92000001,England,nation,2023-07-23,495
E92000001,England,nation,2023-07-22,412
E92000001,England,nation,2023-07-21,444
E92000001,England,nation,2023-07-20,497
E92000001,England,nation,2023-07-19,468
E92000001,England,nation,2023-07-18,517
E92000001,England,nation,2023-07-17,491
E92000001,England,nation,2023-07-16,384
E92000001,England,nation,2023-07-15,338
E92000001,England,nation,2023-07-14,340
E92000001,England,nation,2023-07-13,417
E92000001,England,nation,2023-07-12,418
E92000001,England,nation,2023-07-11,450
E92000001,England,nation,2023-07-10,457
E92000001,England,nation,2023-07-09,391
E92000001,England,nation,2023-07-08,308
E92000001,England,nation,2023-07-07,350
E92000001,England,nation,2023-07-06,316
E92000001,England,nation,2023-07-05,344
E92000001,England,nation,2023-07-04,309
E92000001,England,nation,2023-07-03,346
E92000001,England,nation,2023-07-02,264
E92000001,England,nation,2023-07-01,209
E92000001,England,nation,2023-06-30,236
E92000001,England,nation,2023-06-29,253
E92000001,England,nation,2023-06-28,298
E92000001,England,nation,2023-06-27,295
E92000001,England,nation,2023-06-26,306
E92000001,England,nation,2023-06-25,303
E92000001,England,nation,2023-06-24,259
E92000001,England,nation,2023-06-23,289
E92000001,England,nation,2023-06-22,346
E92000001,England,nation,2023-06-21,371
E92000001,England,nation,2023-06-20,396
E92000001,England,nation,2023-06-19,421
E92000001,England,nation,2023-06-18,350
E92000001,England,nation,2023-06-17,333
E92000001,England,nation,2023-06-16,340
E92000001,England,nation,2023-06-15,385
E92000001,England,nation,2023-06-14,463
E92000001,England,nation,2023-06-13,509
E92000001,England,nation,2023-06-12,585
E92000001,England,nation,2023-06-11,517
E92000001,England,nation,2023-06-10,382
E92000001,England,nation,2023-06-09,469
E92000001,England,nation,2023-06-08,578
E92000001,England,nation,2023-06-07,682
E92000001,England,nation,2023-06-06,757
E92000001,England,nation,2023-06-05,806
E92000001,England,nation,2023-06-04,615
E92000001,England,nation,2023-06-03,472
E92000001,England,nation,2023-06-02,578
E92000001,England,nation,2023-06-01,674
E92000001,England,nation,2023-05-31,813
E92000001,England,nation,2023-05-30,780
E92000001,England,nation,2023-05-29,746
E92000001,England,nation,2023-05-28,596
E92000001,England,nation,2023-05-27,567
E92000001,England,nation,2023-05-26,708
E92000001,England,nation,2023-05-25,821
E92000001,England,nation,2023-05-24,922
E92000001,England,nation,2023-05-23,1041
E92000001,England,nation,2023-05-22,1095
E92000001,England,nation,2023-05-21,881
E92000001,England,nation,2023-05-20,717
E92000001,England,nation,2023-05-19,881
E92000001,England,nation,2023-05-18,974
E92000001,England,nation,2023-05-17,991
E92000001,England,nation,2023-05-16,1069
E92000001,England,nation,2023-05-15,1139
E92000001,England,nation,2023-05-14,1030
E92000001,England,nation,2023-05-13,782
E92000001,England,nation,2023-05-12,948
E92000001,England,nation,2023-05-11,1196
E92000001,England,nation,2023-05-10,1267
E92000001,England,nation,2023-05-09,1447
E92000001,England,nation,2023-05-08,1328
E92000001,England,nation,2023-05-07,1109
E92000001,England,nation,2023-05-06,934
E92000001,England,nation,2023-05-05,1198
E92000001,England,nation,2023-05-04,1479
E92000001,England,nation,2023-05-03,1526
E92000001,England,nation,2023-05-02,1777
E92000001,England,nation,2023-05-01,1651
E92000001,England,nation,2023-04-30,1240
E92000001,England,nation,2023-04-29,1211
E92000001,England,nation,2023-04-28,1369
E92000001,England,nation,2023-04-27,1514
E92000001,England,nation,2023-04-26,1569
E92000001,England,nation,2023-04-25,1604
E92000001,England,nation,2023-04-24,1706
E92000001,England,nation,2023-04-23,1432
E92000001,England,nation,2023-04-22,1191
E92000001,England,nation,2023-04-21,1343
E92000001,England,nation,2023-04-20,1488
E92000001,England,nation,2023-04-19,1704
E92000001,England,nation,2023-04-18,1803
E92000001,England,nation,2023-04-17,2059
E92000001,England,nation,2023-04-16,1788
E92000001,England,nation,2023-04-15,1271
E92000001,England,nation,2023-04-14,1553
E92000001,England,nation,2023-04-13,1880
E92000001,England,nation,2023-04-12,2055
E92000001,England,nation,2023-04-11,2281
E92000001,England,nation,2023-04-10,2133
E92000001,England,nation,2023-04-09,1643
E92000001,England,nation,2023-04-08,1531
E92000001,England,nation,2023-04-07,1599
E92000001,England,nation,2023-04-06,1966
E92000001,England,nation,2023-04-05,2237
E92000001,England,nation,2023-04-04,2185
E92000001,England,nation,2023-04-03,2457
E92000001,England,nation,2023-04-02,2249
E92000001,England,nation,2023-04-01,2083
E92000001,England,nation,2023-03-31,2509
E92000001,England,nation,2023-03-30,3050
E92000001,England,nation,2023-03-29,3438
E92000001,England,nation,2023-03-28,3597
E92000001,England,nation,2023-03-27,3924
E92000001,England,nation,2023-03-26,3156
E92000001,England,nation,2023-03-25,2748
E92000001,England,nation,2023-03-24,3744
E92000001,England,nation,2023-03-23,3969
E92000001,England,nation,2023-03-22,4323
E92000001,England,nation,2023-03-21,4747
E92000001,England,nation,2023-03-20,4730
E92000001,England,nation,2023-03-19,3683
E92000001,England,nation,2023-03-18,3105
E92000001,England,nation,2023-03-17,3718
E92000001,England,nation,2023-03-16,4351
E92000001,England,nation,2023-03-15,4371
E92000001,England,nation,2023-03-14,5073
E92000001,England,nation,2023-03-13,5289
E92000001,England,nation,2023-03-12,4026
E92000001,England,nation,2023-03-11,3084
E92000001,England,nation,2023-03-10,3592
E92000001,England,nation,2023-03-09,3961
E92000001,England,nation,2023-03-08,4318
E92000001,England,nation,2023-03-07,4455
E92000001,England,nation,2023-03-06,4577
E92000001,England,nation,2023-03-05,3155
E92000001,England,nation,2023-03-04,2572
E92000001,England,nation,2023-03-03,3421
E92000001,England,nation,2023-03-02,3565
E92000001,England,nation,2023-03-01,3973
E92000001,England,nation,2023-02-28,4148
E92000001,England,nation,2023-02-27,4319
E92000001,England,nation,2023-02-26,2901
E92000001,England,nation,2023-02-25,2529
E92000001,England,nation,2023-02-24,3112
E92000001,England,nation,2023-02-23,3475
E92000001,England,nation,2023-02-22,3855
E92000001,England,nation,2023-02-21,4326
E92000001,England,nation,2023-02-20,4552
E92000001,England,nation,2023-02-19,3435
E92000001,England,nation,2023-02-18,2907
E92000001,England,nation,2023-02-17,3780
E92000001,England,nation,2023-02-16,4005
E92000001,England,nation,2023-02-15,3894
E92000001,England,nation,2023-02-14,4356
E92000001,England,nation,2023-02-13,4549
E92000001,England,nation,2023-02-12,2920
E92000001,England,nation,2023-02-11,2396
E92000001,England,nation,2023-02-10,3051
E92000001,England,nation,2023-02-09,3043
E92000001,England,nation,2023-02-08,3335
E92000001,England,nation,2023-02-07,3395
E92000001,England,nation,2023-02-06,3621
E92000001,England,nation,2023-02-05,2616
E92000001,England,nation,2023-02-04,2223
E92000001,England,nation,2023-02-03,2751
E92000001,England,nation,2023-02-02,2956
E92000001,England,nation,2023-02-01,3214
E92000001,England,nation,2023-01-31,3280
E92000001,England,nation,2023-01-30,3270
E92000001,England,nation,2023-01-29,2249
E92000001,England,nation,2023-01-28,1802
E92000001,England,nation,2023-01-27,2270
E92000001,England,nation,2023-01-26,2338
E92000001,England,nation,2023-01-25,2422
E92000001,England,nation,2023-01-24,2550
E92000001,England,nation,2023-01-23,2382
E92000001,England,nation,2023-01-22,1747
E92000001,England,nation,2023-01-21,1400
E92000001,England,nation,2023-01-20,1699
E92000001,England,nation,2023-01-19,1808
E92000001,England,nation,2023-01-18,1901
E92000001,England,nation,2023-01-17,1988
E92000001,England,nation,2023-01-16,2307
E92000001,England,nation,2023-01-15,1673
E92000001,England,nation,2023-01-14,1327
E92000001,England,nation,2023-01-13,1905
E92000001,England,nation,2023-01-12,2204
E92000001,England,nation,2023-01-11,2373
E92000001,England,nation,2023-01-10,2803
E92000001,England,nation,2023-01-09,3212
E92000001,England,nation,2023-01-08,2501
E92000001,England,nation,2023-01-07,2417
E92000001,England,nation,2023-01-06,3412
E92000001,England,nation,2023-01-05,4168
E92000001,England,nation,2023-01-04,5009
E92000001,England,nation,2023-01-03,5739
E92000001,England,nation,2023-01-02,4636
E92000001,England,nation,2023-01-01,3338
E92000001,England,nation,2022-12-31,3891
E92000001,England,nation,2022-12-30,5524
E92000001,England,nation,2022-12-29,6953
E92000001,England,nation,2022-12-28,7609
E92000001,England,nation,2022-12-27,5977
E92000001,England,nation,2022-12-26,4499
E92000001,England,nation,2022-12-25,3382
E92000001,England,nation,2022-12-24,3777
E92000001,England,nation,2022-12-23,5225
E92000001,England,nation,2022-12-22,6241
E92000001,England,nation,2022-12-21,7042
E92000001,England,nation,2022-12-20,7836
E92000001,England,nation,2022-12-19,8240
E92000001,England,nation,2022-12-18,5212
E92000001,England,nation,2022-12-17,4273
E92000001,England,nation,2022-12-16,5525
E92000001,England,nation,2022-12-15,5549
E92000001,England,nation,2022-12-14,5962
E92000001,England,nation,2022-12-13,6483
E92000001,England,nation,2022-12-12,6356
E92000001,England,nation,2022-12-11,4223
E92000001,England,nation,2022-12-10,3286
E92000001,England,nation,2022-12-09,3824
E92000001,England,nation,2022-12-08,4092
E92000001,England,nation,2022-12-07,4640
E92000001,England,nation,2022-12-06,4761
E92000001,England,nation,2022-12-05,4850
E92000001,England,nation,2022-12-04,3409
E92000001,England,nation,2022-12-03,2481
E92000001,England,nation,2022-12-02,3275
E92000001,England,nation,2022-12-01,3214
E92000001,England,nation,2022-11-30,3608
E92000001,England,nation,2022-11-29,3972
E92000001,England,nation,2022-11-28,4237
E92000001,England,nation,2022-11-27,3152
E92000001,England,nation,2022-11-26,2304
E92000001,England,nation,2022-11-25,2638
E92000001,England,nation,2022-11-24,3007
E92000001,England,nation,2022-11-23,3240
E92000001,England,nation,2022-11-22,3451
E92000001,England,nation,2022-11-21,3549
E92000001,England,nation,2022-11-20,2613
E92000001,England,nation,2022-11-19,2207
E92000001,England,nation,2022-11-18,2501
E92000001,England,nation,2022-11-17,2703
E92000001,England,nation,2022-11-16,2933
E92000001,England,nation,2022-11-15,3160
E92000001,England,nation,2022-11-14,3494
E92000001,England,nation,2022-11-13,2647
E92000001,England,nation,2022-11-12,2172
E92000001,England,nation,2022-11-11,2562
E92000001,England,nation,2022-11-10,2806
E92000001,England,nation,2022-11-09,3185
E92000001,England,nation,2022-11-08,3380
E92000001,England,nation,2022-11-07,3879
E92000001,England,nation,2022-11-06,2917
E92000001,England,nation,2022-11-05,2374
E92000001,England,nation,2022-11-04,2760
E92000001,England,nation,2022-11-03,3261
E92000001,England,nation,2022-11-02,3599
E92000001,England,nation,2022-11-01,4091
E92000001,England,nation,2022-10-31,4633
E92000001,England,nation,2022-10-30,3827
E92000001,England,nation,2022-10-29,3227
E92000001,England,nation,2022-10-28,3916
E92000001,England,nation,2022-10-27,4372
E92000001,England,nation,2022-10-26,4924
E92000001,England,nation,2022-10-25,5181
E92000001,England,nation,2022-10-24,6147
E92000001,England,nation,2022-10-23,5011
E92000001,England,nation,2022-10-22,4527
E92000001,England,nation,2022-10-21,5759
E92000001,England,nation,2022-10-20,6075
E92000001,England,nation,2022-10-19,7042
E92000001,England,nation,2022-10-18,7667
E92000001,England,nation,2022-10-17,9304
E92000001,England,nation,2022-10-16,7257
E92000001,England,nation,2022-10-15,6005
E92000001,England,nation,2022-10-14,7343
E92000001,England,nation,2022-10-13,7563
E92000001,England,nation,2022-10-12,8124
E92000001,England,nation,2022-10-11,8781
E92000001,England,nation,2022-10-10,9835
E92000001,England,nation,2022-10-09,8014
E92000001,England,nation,2022-10-08,6581
E92000001,England,nation,2022-10-07,8333
E92000001,England,nation,2022-10-06,8819
E92000001,England,nation,2022-10-05,9544
E92000001,England,nation,2022-10-04,10246
E92000001,England,nation,2022-10-03,10881
E92000001,England,nation,2022-10-02,8623
E92000001,England,nation,2022-10-01,6564
E92000001,England,nation,2022-09-30,7099
E92000001,England,nation,2022-09-29,7352
E92000001,England,nation,2022-09-28,7806
E92000001,England,nation,2022-09-27,7648
E92000001,England,nation,2022-09-26,8042
E92000001,England,nation,2022-09-25,6737
E92000001,England,nation,2022-09-24,5309
E92000001,England,nation,2022-09-23,6006
E92000001,England,nation,2022-09-22,6294
E92000001,England,nation,2022-09-21,6940
E92000001,England,nation,2022-09-20,7200
E92000001,England,nation,2022-09-19,5702
E92000001,England,nation,2022-09-18,3943
E92000001,England,nation,2022-09-17,3188
E92000001,England,nation,2022-09-16,3729
E92000001,England,nation,2022-09-15,4200
E92000001,England,nation,2022-09-14,4453
E92000001,England,nation,2022-09-13,4601
E92000001,England,nation,2022-09-12,4758
E92000001,England,nation,2022-09-11,3890
E92000001,England,nation,2022-09-10,2861
E92000001,England,nation,2022-09-09,3103
E92000001,England,nation,2022-09-08,3250
E92000001,England,nation,2022-09-07,3749
E92000001,England,nation,2022-09-06,3940
E92000001,England,nation,2022-09-05,4385
E92000001,England,nation,2022-09-04,3759
E92000001,England,nation,2022-09-03,2971
E92000001,England,nation,2022-09-02,3239
E92000001,England,nation,2022-09-01,3760
E92000001,England,nation,2022-08-31,3975
E92000001,England,nation,2022-08-30,4473
E92000001,England,nation,2022-08-29,3936
E92000001,England,nation,2022-08-28,2882
E92000001,England,nation,2022-08-27,2606
E92000001,England,nation,2022-08-26,2997
E92000001,England,nation,2022-08-25,3266
E92000001,England,nation,2022-08-24,3913
E92000001,England,nation,2022-08-23,4076
E92000001,England,nation,2022-08-22,4575
E92000001,England,nation,2022-08-21,3547
E92000001,England,nation,2022-08-20,3059
E92000001,England,nation,2022-08-19,3492
E92000001,England,nation,2022-08-18,3989
E92000001,England,nation,2022-08-17,4421
E92000001,England,nation,2022-08-16,4845
E92000001,England,nation,2022-08-15,5606
E92000001,England,nation,2022-08-14,4781
E92000001,England,nation,2022-08-13,3978
E92000001,England,nation,2022-08-12,4781
E92000001,England,nation,2022-08-11,5446
E92000001,England,nation,2022-08-10,6003
E92000001,England,nation,2022-08-09,6462
E92000001,England,nation,2022-08-08,7226
E92000001,England,nation,2022-08-07,5897
E92000001,England,nation,2022-08-06,4852
E92000001,England,nation,2022-08-05,5859
E92000001,England,nation,2022-08-04,6524
E92000001,England,nation,2022-08-03,7419
E92000001,England,nation,2022-08-02,8165
E92000001,England,nation,2022-08-01,8814
E92000001,England,nation,2022-07-31,7672
E92000001,England,nation,2022-07-30,6612
E92000001,England,nation,2022-07-29,7585
E92000001,England,nation,2022-07-28,8339
E92000001,England,nation,2022-07-27,9435
E92000001,England,nation,2022-07-26,10482
E92000001,England,nation,2022-07-25,11929
E92000001,England,nation,2022-07-24,10216
E92000001,England,nation,2022-07-23,8909
E92000001,England,nation,2022-07-22,11177
E92000001,England,nation,2022-07-21,12791
E92000001,England,nation,2022-07-20,14533
E92000001,England,nation,2022-07-19,14866
E92000001,England,nation,2022-07-18,16919
E92000001,England,nation,2022-07-17,15702
E92000001,England,nation,2022-07-16,13677
E92000001,England,nation,2022-07-15,16626
E92000001,England,nation,2022-07-14,19340
E92000001,England,nation,2022-07-13,21639
E92000001,England,nation,2022-07-12,24377
E92000001,England,nation,2022-07-11,27198
E92000001,England,nation,2022-07-10,23046
E92000001,England,nation,2022-07-09,19354
E92000001,England,nation,2022-07-08,22173
E92000001,England,nation,2022-07-07,24049
E92000001,England,nation,2022-07-06,26741
E92000001,England,nation,2022-07-05,28118
E92000001,England,nation,2022-07-04,30388
E92000001,England,nation,2022-07-03,25172
E92000001,England,nation,2022-07-02,19586
E92000001,England,nation,2022-07-01,21067
E92000001,England,nation,2022-06-30,21513
E92000001,England,nation,2022-06-29,21720
E92000001,England,nation,2022-06-28,21869
E92000001,England,nation,2022-06-27,21896
E92000001,England,nation,2022-06-26,18039
E92000001,England,nation,2022-06-25,14478
E92000001,England,nation,2022-06-24,15626
E92000001,England,nation,2022-06-23,16698
E92000001,England,nation,2022-06-22,17764
E92000001,England,nation,2022-06-21,17531
E92000001,England,nation,2022-06-20,16918
E92000001,England,nation,2022-06-19,14524
E92000001,England,nation,2022-06-18,11634
E92000001,England,nation,2022-06-17,11640
E92000001,England,nation,2022-06-16,11915
E92000001,England,nation,2022-06-15,12387
E92000001,England,nation,2022-06-14,12660
E92000001,England,nation,2022-06-13,12954
E92000001,England,nation,2022-06-12,10718
E92000001,England,nation,2022-06-11,8468
E92000001,England,nation,2022-06-10,9153
E92000001,England,nation,2022-06-09,9589
E92000001,England,nation,2022-06-08,9952
E92000001,England,nation,2022-06-07,9484
E92000001,England,nation,2022-06-06,9798
E92000001,England,nation,2022-06-05,8350
E92000001,England,nation,2022-06-04,6278
E92000001,England,nation,2022-06-03,5581
E92000001,England,nation,2022-06-02,5081
E92000001,England,nation,2022-06-01,5711
E92000001,England,nation,2022-05-31,5734
E92000001,England,nation,2022-05-30,5928
E92000001,England,nation,2022-05-29,4687
E92000001,England,nation,2022-05-28,4153
E92000001,England,nation,2022-05-27,4494
E92000001,England,nation,2022-05-26,4819
E92000001,England,nation,2022-05-25,5189
E92000001,England,nation,2022-05-24,5593
E92000001,England,nation,2022-05-23,6248
E92000001,England,nation,2022-05-22,5151
E92000001,England,nation,2022-05-21,4243
E92000001,England,nation,2022-05-20,5049
E92000001,England,nation,2022-05-19,5785
E92000001,England,nation,2022-05-18,6392
E92000001,England,nation,2022-05-17,6833
E92000001,England,nation,2022-05-16,7883
E92000001,England,nation,2022-05-15,6730
E92000001,England,nation,2022-05-14,5139
E92000001,England,nation,2022-05-13,5794
E92000001,England,nation,2022-05-12,6376
E92000001,England,nation,2022-05-11,7265
E92000001,England,nation,2022-05-10,8154
E92000001,England,nation,2022-05-09,8876
E92000001,England,nation,2022-05-08,7664
E92000001,England,nation,2022-05-07,6354
E92000001,England,nation,2022-05-06,7518
E92000001,England,nation,2022-05-05,8592
E92000001,England,nation,2022-05-04,9783
E92000001,England,nation,2022-05-03,11155
E92000001,England,nation,2022-05-02,10343
E92000001,England,nation,2022-05-01,7718
E92000001,England,nation,2022-04-30,6863
E92000001,England,nation,2022-04-29,7992
E92000001,England,nation,2022-04-28,9056
E92000001,England,nation,2022-04-27,10120
E92000001,England,nation,2022-04-26,11293
E92000001,England,nation,2022-04-25,13404
E92000001,England,nation,2022-04-24,11866
E92000001,England,nation,2022-04-23,10573
E92000001,England,nation,2022-04-22,12526
E92000001,England,nation,2022-04-21,14520
E92000001,England,nation,2022-04-20,16973
E92000001,England,nation,2022-04-19,20595
E92000001,England,nation,2022-04-18,20566
E92000001,England,nation,2022-04-17,16262
E92000001,England,nation,2022-04-16,16091
E92000001,England,nation,2022-04-15,17306
E92000001,England,nation,2022-04-14,21434
E92000001,England,nation,2022-04-13,25507
E92000001,England,nation,2022-04-12,27382
E92000001,England,nation,2022-04-11,30597
E92000001,England,nation,2022-04-10,25641
E92000001,England,nation,2022-04-09,23013
E92000001,England,nation,2022-04-08,27391
E92000001,England,nation,2022-04-07,31745
E92000001,England,nation,2022-04-06,36891
E92000001,England,nation,2022-04-05,40393
E92000001,England,nation,2022-04-04,45140
E92000001,England,nation,2022-04-03,35606
E92000001,England,nation,2022-04-02,31609
E92000001,England,nation,2022-04-01,40342
E92000001,England,nation,2022-03-31,45879
E92000001,England,nation,2022-03-30,62750
E92000001,England,nation,2022-03-29,67441
E92000001,England,nation,2022-03-28,78909
E92000001,England,nation,2022-03-27,58000
E92000001,England,nation,2022-03-26,51776
E92000001,England,nation,2022-03-25,60256
E92000001,England,nation,2022-03-24,68604
E92000001,England,nation,2022-03-23,77600
E92000001,England,nation,2022-03-22,81845
E92000001,England,nation,2022-03-21,89907
E92000001,England,nation,2022-03-20,66907
E92000001,England,nation,2022-03-19,55211
E92000001,England,nation,2022-03-18,61904
E92000001,England,nation,2022-03-17,67687
E92000001,England,nation,2022-03-16,73951
E92000001,England,nation,2022-03-15,74101
E92000001,England,nation,2022-03-14,79517
E92000001,England,nation,2022-03-13,60271
E92000001,England,nation,2022-03-12,49161
E92000001,England,nation,2022-03-11,52270
E92000001,England,nation,2022-03-10,54298
E92000001,England,nation,2022-03-09,55491
E92000001,England,nation,2022-03-08,52343
E92000001,England,nation,2022-03-07,50982
E92000001,England,nation,2022-03-06,35914
E92000001,England,nation,2022-03-05,28509
E92000001,England,nation,2022-03-04,30605
E92000001,England,nation,2022-03-03,31533
E92000001,England,nation,2022-03-02,33361
E92000001,England,nation,2022-03-01,31864
E92000001,England,nation,2022-02-28,31865
E92000001,England,nation,2022-02-27,22165
E92000001,England,nation,2022-02-26,17604
E92000001,England,nation,2022-02-25,19533
E92000001,England,nation,2022-02-24,21882
E92000001,England,nation,2022-02-23,26009
E92000001,England,nation,2022-02-22,28019
E92000001,England,nation,2022-02-21,33034
E92000001,England,nation,2022-02-20,28411
E92000001,England,nation,2022-02-19,26429
E92000001,England,nation,2022-02-18,24923
E92000001,England,nation,2022-02-17,34168
E92000001,England,nation,2022-02-16,39445
E92000001,England,nation,2022-02-15,40145
E92000001,England,nation,2022-02-14,42490
E92000001,England,nation,2022-02-13,32326
E92000001,England,nation,2022-02-12,29142
E92000001,England,nation,2022-02-11,34944
E92000001,England,nation,2022-02-10,41331
E92000001,England,nation,2022-02-09,51013
E92000001,England,nation,2022-02-08,55437
E92000001,England,nation,2022-02-07,62672
E92000001,England,nation,2022-02-06,50148
E92000001,England,nation,2022-02-05,43233
E92000001,England,nation,2022-02-04,52556
E92000001,England,nation,2022-02-03,64032
E92000001,England,nation,2022-02-02,73908
E92000001,England,nation,2022-02-01,78511
E92000001,England,nation,2022-01-31,88502
E92000001,England,nation,2022-01-30,74980
E92000001,England,nation,2022-01-29,63024
E92000001,England,nation,2022-01-28,71682
E92000001,England,nation,2022-01-27,82726
E92000001,England,nation,2022-01-26,93211
E92000001,England,nation,2022-01-25,96955
E92000001,England,nation,2022-01-24,109233
E92000001,England,nation,2022-01-23,88558
E92000001,England,nation,2022-01-22,70483
E92000001,England,nation,2022-01-21,79172
E92000001,England,nation,2022-01-20,86951
E92000001,England,nation,2022-01-19,97335
E92000001,England,nation,2022-01-18,103308
E92000001,England,nation,2022-01-17,114776
E92000001,England,nation,2022-01-16,85599
E92000001,England,nation,2022-01-15,67821
E92000001,England,nation,2022-01-14,75174
E92000001,England,nation,2022-01-13,84132
E92000001,England,nation,2022-01-12,90000
E92000001,England,nation,2022-01-11,100979
E92000001,England,nation,2022-01-10,116343
E92000001,England,nation,2022-01-09,83081
E92000001,England,nation,2022-01-08,81221
E92000001,England,nation,2022-01-07,105080
E92000001,England,nation,2022-01-06,150786
E92000001,England,nation,2022-01-05,183798
E92000001,England,nation,2022-01-04,234873
E92000001,England,nation,2022-01-03,193617
E92000001,England,nation,2022-01-02,148609
E92000001,England,nation,2022-01-01,99303
E92000001,England,nation,2021-12-31,152887
E92000001,England,nation,2021-12-30,192825
E92000001,England,nation,2021-12-29,224031
E92000001,England,nation,2021-12-28,170586
E92000001,England,nation,2021-12-27,155567
E92000001,England,nation,2021-12-26,98918
E92000001,England,nation,2021-12-25,59912
E92000001,England,nation,2021-12-24,117562
E92000001,England,nation,2021-12-23,137021
E92000001,England,nation,2021-12-22,138142
E92000001,England,nation,2021-12-21,129599
E92000001,England,nation,2021-12-20,117577
E92000001,England,nation,2021-12-19,78497
E92000001,England,nation,2021-12-18,78930
E92000001,England,nation,2021-12-17,84967
E92000001,England,nation,2021-12-16,93804
E92000001,England,nation,2021-12-15,99655
E92000001,England,nation,2021-12-14,90717
E92000001,England,nation,2021-12-13,76507
E92000001,England,nation,2021-12-12,46367
E92000001,England,nation,2021-12-11,41940
E92000001,England,nation,2021-12-10,45018
E92000001,England,nation,2021-12-09,48817
E92000001,England,nation,2021-12-08,50059
E92000001,England,nation,2021-12-07,48146
E92000001,England,nation,2021-12-06,51123
E92000001,England,nation,2021-12-05,35037
E92000001,England,nation,2021-12-04,33380
E92000001,England,nation,2021-12-03,39222
E92000001,England,nation,2021-12-02,43045
E92000001,England,nation,2021-12-01,47263
E92000001,England,nation,2021-11-30,47632
E92000001,England,nation,2021-11-29,47939
E92000001,England,nation,2021-11-28,33857
E92000001,England,nation,2021-11-27,28459
E92000001,England,nation,2021-11-26,33666
E92000001,England,nation,2021-11-25,37143
E92000001,England,nation,2021-11-24,39881
E92000001,England,nation,2021-11-23,41015
E92000001,England,nation,2021-11-22,42869
E92000001,England,nation,2021-11-21,31761
E92000001,England,nation,2021-11-20,29868
E92000001,England,nation,2021-11-19,33184
E92000001,England,nation,2021-11-18,37099
E92000001,England,nation,2021-11-17,38257
E92000001,England,nation,2021-11-16,38656
E92000001,England,nation,2021-11-15,42477
E92000001,England,nation,2021-11-14,29599
E92000001,England,nation,2021-11-13,27358
E92000001,England,nation,2021-11-12,31337
E92000001,England,nation,2021-11-11,33700
E92000001,England,nation,2021-11-10,35390
E92000001,England,nation,2021-11-09,34679
E92000001,England,nation,2021-11-08,36138
E92000001,England,nation,2021-11-07,25447
E92000001,England,nation,2021-11-06,22581
E92000001,England,nation,2021-11-05,24405
E92000001,England,nation,2021-11-04,27379
E92000001,England,nation,2021-11-03,29396
E92000001,England,nation,2021-11-02,31328
E92000001,England,nation,2021-11-01,37663
E92000001,England,nation,2021-10-31,29564
E92000001,England,nation,2021-10-30,28243
E92000001,England,nation,2021-10-29,33995
E92000001,England,nation,2021-10-28,35077
E92000001,England,nation,2021-10-27,36524
E92000001,England,nation,2021-10-26,35276
E92000001,England,nation,2021-10-25,39958
E92000001,England,nation,2021-10-24,30091
E92000001,England,nation,2021-10-23,29747
E92000001,England,nation,2021-10-22,34506
E92000001,England,nation,2021-10-21,38581
E92000001,England,nation,2021-10-20,43963
E92000001,England,nation,2021-10-19,44630
E92000001,England,nation,2021-10-18,49257
E92000001,England,nation,2021-10-17,37501
E92000001,England,nation,2021-10-16,31639
E92000001,England,nation,2021-10-15,36631
E92000001,England,nation,2021-10-14,39262
E92000001,England,nation,2021-10-13,40547
E92000001,England,nation,2021-10-12,40892
E92000001,England,nation,2021-10-11,43115
E92000001,England,nation,2021-10-10,31499
E92000001,England,nation,2021-10-09,27180
E92000001,England,nation,2021-10-08,29848
E92000001,England,nation,2021-10-07,32158
E92000001,England,nation,2021-10-06,32547
E92000001,England,nation,2021-10-05,32269
E92000001,England,nation,2021-10-04,36475
E92000001,England,nation,2021-10-03,27138
E92000001,England,nation,2021-10-02,21873
E92000001,England,nation,2021-10-01,24134
E92000001,England,nation,2021-09-30,26808
E92000001,England,nation,2021-09-29,28689
E92000001,England,nation,2021-09-28,29628
E92000001,England,nation,2021-09-27,34595
E92000001,England,nation,2021-09-26,26814
E92000001,England,nation,2021-09-25,23389
E92000001,England,nation,2021-09-24,25754
E92000001,England,nation,2021-09-23,28340
E92000001,England,nation,2021-09-22,28788
E92000001,England,nation,2021-09-21,30547
E92000001,England,nation,2021-09-20,32121
E92000001,England,nation,2021-09-19,24789
E92000001,England,nation,2021-09-18,20926
E92000001,England,nation,2021-09-17,22375
E92000001,England,nation,2021-09-16,22320
E92000001,England,nation,2021-09-15,22414
E92000001,England,nation,2021-09-14,22641
E92000001,England,nation,2021-09-13,25199
E92000001,England,nation,2021-09-12,17879
E92000001,England,nation,2021-09-11,16956
E92000001,England,nation,2021-09-10,21031
E92000001,England,nation,2021-09-09,24440
E92000001,England,nation,2021-09-08,25659
E92000001,England,nation,2021-09-07,27938
E92000001,England,nation,2021-09-06,33135
E92000001,England,nation,2021-09-05,23457
E92000001,England,nation,2021-09-04,23409
E92000001,England,nation,2021-09-03,28730
E92000001,England,nation,2021-09-02,30636
E92000001,England,nation,2021-09-01,31600
E92000001,England,nation,2021-08-31,33565
E92000001,England,nation,2021-08-30,24973
E92000001,England,nation,2021-08-29,19152
E92000001,England,nation,2021-08-28,20138
E92000001,England,nation,2021-08-27,24253
E92000001,England,nation,2021-08-26,26482
E92000001,England,nation,2021-08-25,27901
E92000001,England,nation,2021-08-24,28212
E92000001,England,nation,2021-08-23,30333
E92000001,England,nation,2021-08-22,22409
E92000001,England,nation,2021-08-21,22605
E92000001,England,nation,2021-08-20,25555
E92000001,England,nation,2021-08-19,29081
E92000001,England,nation,2021-08-18,31426
E92000001,England,nation,2021-08-17,31095
E92000001,England,nation,2021-08-16,30861
E92000001,England,nation,2021-08-15,21280
E92000001,England,nation,2021-08-14,21336
E92000001,England,nation,2021-08-13,24992
E92000001,England,nation,2021-08-12,27690
E92000001,England,nation,2021-08-11,29135
E92000001,England,nation,2021-08-10,27610
E92000001,England,nation,2021-08-09,28292
E92000001,England,nation,2021-08-08,20157
E92000001,England,nation,2021-08-07,19957
E92000001,England,nation,2021-08-06,24851
E92000001,England,nation,2021-08-05,28126
E92000001,England,nation,2021-08-04,28895
E92000001,England,nation,2021-08-03,27062
E92000001,England,nation,2021-08-02,26580
E92000001,England,nation,2021-08-01,18714
E92000001,England,nation,2021-07-31,18450
E92000001,England,nation,2021-07-30,22109
E92000001,England,nation,2021-07-29,25361
E92000001,England,nation,2021-07-28,26925
E92000001,England,nation,2021-07-27,26027
E92000001,England,nation,2021-07-26,26541
E92000001,England,nation,2021-07-25,19657
E92000001,England,nation,2021-07-24,20276
E92000001,England,nation,2021-07-23,24586
E92000001,England,nation,2021-07-22,27711
E92000001,England,nation,2021-07-21,31676
E92000001,England,nation,2021-07-20,35947
E92000001,England,nation,2021-07-19,43401
E92000001,England,nation,2021-07-18,33164
E92000001,England,nation,2021-07-17,35281
E92000001,England,nation,2021-07-16,51138
E92000001,England,nation,2021-07-15,57583
E92000001,England,nation,2021-07-14,50320
E92000001,England,nation,2021-07-13,43247
E92000001,England,nation,2021-07-12,40477
E92000001,England,nation,2021-07-11,27418
E92000001,England,nation,2021-07-10,25411
E92000001,England,nation,2021-07-09,29050
E92000001,England,nation,2021-07-08,29929
E92000001,England,nation,2021-07-07,34274
E92000001,England,nation,2021-07-06,31627
E92000001,England,nation,2021-07-05,30215
E92000001,England,nation,2021-07-04,21806
E92000001,England,nation,2021-07-03,20638
E92000001,England,nation,2021-07-02,22287
E92000001,England,nation,2021-07-01,24267
E92000001,England,nation,2021-06-30,23941
E92000001,England,nation,2021-06-29,23250
E92000001,England,nation,2021-06-28,23511
E92000001,England,nation,2021-06-27,15407
E92000001,England,nation,2021-06-26,13486
E92000001,England,nation,2021-06-25,14901
E92000001,England,nation,2021-06-24,15084
E92000001,England,nation,2021-06-23,14806
E92000001,England,nation,2021-06-22,13563
E92000001,England,nation,2021-06-21,12707
E92000001,England,nation,2021-06-20,8203
E92000001,England,nation,2021-06-19,7127
E92000001,England,nation,2021-06-18,8772
E92000001,England,nation,2021-06-17,9523
E92000001,England,nation,2021-06-16,9411
E92000001,England,nation,2021-06-15,9153
E92000001,England,nation,2021-06-14,8941
E92000001,England,nation,2021-06-13,6075
E92000001,England,nation,2021-06-12,5422
E92000001,England,nation,2021-06-11,6510
E92000001,England,nation,2021-06-10,6718
E92000001,England,nation,2021-06-09,6919
E92000001,England,nation,2021-06-08,6630
E92000001,England,nation,2021-06-07,6791
E92000001,England,nation,2021-06-06,4730
E92000001,England,nation,2021-06-05,3964
E92000001,England,nation,2021-06-04,4886
E92000001,England,nation,2021-06-03,5131
E92000001,England,nation,2021-06-02,5039
E92000001,England,nation,2021-06-01,4515
E92000001,England,nation,2021-05-31,3170
E92000001,England,nation,2021-05-30,2598
E92000001,England,nation,2021-05-29,2462
E92000001,England,nation,2021-05-28,2929
E92000001,England,nation,2021-05-27,3075
E92000001,England,nation,2021-05-26,3179
E92000001,England,nation,2021-05-25,2797
E92000001,England,nation,2021-05-24,2750
E92000001,England,nation,2021-05-23,1918
E92000001,England,nation,2021-05-22,1606
E92000001,England,nation,2021-05-21,1872
E92000001,England,nation,2021-05-20,2000
E92000001,England,nation,2021-05-19,2261
E92000001,England,nation,2021-05-18,2241
E92000001,England,nation,2021-05-17,2341
E92000001,England,nation,2021-05-16,1587
E92000001,England,nation,2021-05-15,1306
E92000001,England,nation,2021-05-14,1540
E92000001,England,nation,2021-05-13,1737
E92000001,England,nation,2021-05-12,1869
E92000001,England,nation,2021-05-11,1872
E92000001,England,nation,2021-05-10,2325
E92000001,England,nation,2021-05-09,1985
E92000001,England,nation,2021-05-08,1301
E92000001,England,nation,2021-05-07,1657
E92000001,England,nation,2021-05-06,1967
E92000001,England,nation,2021-05-05,2203
E92000001,England,nation,2021-05-04,2200
E92000001,England,nation,2021-05-03,1806
E92000001,England,nation,2021-05-02,1305
E92000001,England,nation,2021-05-01,1211
E92000001,England,nation,2021-04-30,1528
E92000001,England,nation,2021-04-29,1901
E92000001,England,nation,2021-04-28,2153
E92000001,England,nation,2021-04-27,1809
E92000001,England,nation,2021-04-26,2267
E92000001,England,nation,2021-04-25,1897
E92000001,England,nation,2021-04-24,1300
E92000001,England,nation,2021-04-23,1701
E92000001,England,nation,2021-04-22,2032
E92000001,England,nation,2021-04-21,2298
E92000001,England,nation,2021-04-20,2112
E92000001,England,nation,2021-04-19,2268
E92000001,England,nation,2021-04-18,2281
E92000001,England,nation,2021-04-17,1398
E92000001,England,nation,2021-04-16,1963
E92000001,England,nation,2021-04-15,1959
E92000001,England,nation,2021-04-14,2068
E92000001,England,nation,2021-04-13,2060
E92000001,England,nation,2021-04-12,2399
E92000001,England,nation,2021-04-11,2020
E92000001,England,nation,2021-04-10,2009
E92000001,England,nation,2021-04-09,2482
E92000001,England,nation,2021-04-08,2651
E92000001,England,nation,2021-04-07,2752
E92000001,England,nation,2021-04-06,2756
E92000001,England,nation,2021-04-05,2314
E92000001,England,nation,2021-04-04,2042
E92000001,England,nation,2021-04-03,2121
E92000001,England,nation,2021-04-02,2248
E92000001,England,nation,2021-04-01,3067
E92000001,England,nation,2021-03-31,3340
E92000001,England,nation,2021-03-30,3135
E92000001,England,nation,2021-03-29,3422
E92000001,England,nation,2021-03-28,4477
E92000001,England,nation,2021-03-27,3136
E92000001,England,nation,2021-03-26,3803
E92000001,England,nation,2021-03-25,4674
E92000001,England,nation,2021-03-24,5321
E92000001,England,nation,2021-03-23,4566
E92000001,England,nation,2021-03-22,5400
E92000001,England,nation,2021-03-21,4679
E92000001,England,nation,2021-03-20,3514
E92000001,England,nation,2021-03-19,4333
E92000001,England,nation,2021-03-18,4689
E92000001,England,nation,2021-03-17,5048
E92000001,England,nation,2021-03-16,4933
E92000001,England,nation,2021-03-15,5643
E92000001,England,nation,2021-03-14,3707
E92000001,England,nation,2021-03-13,3592
E92000001,England,nation,2021-03-12,4767
E92000001,England,nation,2021-03-11,4848
E92000001,England,nation,2021-03-10,5222
E92000001,England,nation,2021-03-09,5488
E92000001,England,nation,2021-03-08,5818
E92000001,England,nation,2021-03-07,3677
E92000001,England,nation,2021-03-06,3832
E92000001,England,nation,2021-03-05,4728
E92000001,England,nation,2021-03-04,5011
E92000001,England,nation,2021-03-03,5305
E92000001,England,nation,2021-03-02,5950
E92000001,England,nation,2021-03-01,6215
E92000001,England,nation,2021-02-28,4112
E92000001,England,nation,2021-02-27,4254
E92000001,England,nation,2021-02-26,5883
E92000001,England,nation,2021-02-25,6934
E92000001,England,nation,2021-02-24,7621
E92000001,England,nation,2021-02-23,8536
E92000001,England,nation,2021-02-22,10279
E92000001,England,nation,2021-02-21,7033
E92000001,England,nation,2021-02-20,7161
E92000001,England,nation,2021-02-19,9246
E92000001,England,nation,2021-02-18,10303
E92000001,England,nation,2021-02-17,10419
E92000001,England,nation,2021-02-16,11268
E92000001,England,nation,2021-02-15,12953
E92000001,England,nation,2021-02-14,7781
E92000001,England,nation,2021-02-13,8025
E92000001,England,nation,2021-02-12,10986
E92000001,England,nation,2021-02-11,11637
E92000001,England,nation,2021-02-10,12272
E92000001,England,nation,2021-02-09,12696
E92000001,England,nation,2021-02-08,14370
E92000001,England,nation,2021-02-07,10457
E92000001,England,nation,2021-02-06,10951
E92000001,England,nation,2021-02-05,14461
E92000001,England,nation,2021-02-04,16717
E92000001,England,nation,2021-02-03,17948
E92000001,England,nation,2021-02-02,18193
E92000001,England,nation,2021-02-01,20765
E92000001,England,nation,2021-01-31,14138
E92000001,England,nation,2021-01-30,15524
E92000001,England,nation,2021-01-29,20363
E92000001,England,nation,2021-01-28,22523
E92000001,England,nation,2021-01-27,23899
E92000001,England,nation,2021-01-26,25210
E92000001,England,nation,2021-01-25,27972
E92000001,England,nation,2021-01-24,15883
E92000001,England,nation,2021-01-23,20425
E92000001,England,nation,2021-01-22,27741
E92000001,England,nation,2021-01-21,29633
E92000001,England,nation,2021-01-20,32679
E92000001,England,nation,2021-01-19,37055
E92000001,England,nation,2021-01-18,41935
E92000001,England,nation,2021-01-17,26976
E92000001,England,nation,2021-01-16,28413
E92000001,England,nation,2021-01-15,37879
E92000001,England,nation,2021-01-14,39658
E92000001,England,nation,2021-01-13,42303
E92000001,England,nation,2021-01-12,45968
E92000001,England,nation,2021-01-11,53519
E92000001,England,nation,2021-01-10,33749
E92000001,England,nation,2021-01-09,36419
E92000001,England,nation,2021-01-08,43494
E92000001,England,nation,2021-01-07,48132
E92000001,England,nation,2021-01-06,52752
E92000001,England,nation,2021-01-05,59600
E92000001,England,nation,2021-01-04,70920
E92000001,England,nation,2021-01-03,50664
E92000001,England,nation,2021-01-02,55428
E92000001,England,nation,2021-01-01,28879
E92000001,England,nation,2020-12-31,47824
E92000001,England,nation,2020-12-30,64243
E92000001,England,nation,2020-12-29,74058
E92000001,England,nation,2020-12-28,40845
E92000001,England,nation,2020-12-27,43250
E92000001,England,nation,2020-12-26,37462
E92000001,England,nation,2020-12-25,12926
E92000001,England,nation,2020-12-24,29287
E92000001,England,nation,2020-12-23,38383
E92000001,England,nation,2020-12-22,41741
E92000001,England,nation,2020-12-21,43446
E92000001,England,nation,2020-12-20,29556
E92000001,England,nation,2020-12-19,22195
E92000001,England,nation,2020-12-18,32426
E92000001,England,nation,2020-12-17,30159
E92000001,England,nation,2020-12-16,30650
E92000001,England,nation,2020-12-15,29652
E92000001,England,nation,2020-12-14,30019
E92000001,England,nation,2020-12-13,18409
E92000001,England,nation,2020-12-12,16268
E92000001,England,nation,2020-12-11,20177
E92000001,England,nation,2020-12-10,18850
E92000001,England,nation,2020-12-09,17744
E92000001,England,nation,2020-12-08,16937
E92000001,England,nation,2020-12-07,17662
E92000001,England,nation,2020-12-06,11036
E92000001,England,nation,2020-12-05,10302
E92000001,England,nation,2020-12-04,13065
E92000001,England,nation,2020-12-03,12762
E92000001,England,nation,2020-12-02,13662
E92000001,England,nation,2020-12-01,13731
E92000001,England,nation,2020-11-30,15228
E92000001,England,nation,2020-11-29,9068
E92000001,England,nation,2020-11-28,9347
E92000001,England,nation,2020-11-27,12459
E92000001,England,nation,2020-11-26,12459
E92000001,England,nation,2020-11-25,14155
E92000001,England,nation,2020-11-24,14266
E92000001,England,nation,2020-11-23,16472
E92000001,England,nation,2020-11-22,10216
E92000001,England,nation,2020-11-21,10806
E92000001,England,nation,2020-11-20,14960
E92000001,England,nation,2020-11-19,15797
E92000001,England,nation,2020-11-18,18545
E92000001,England,nation,2020-11-17,20677
E92000001,England,nation,2020-11-16,24136
E92000001,England,nation,2020-11-15,14422
E92000001,England,nation,2020-11-14,16290
E92000001,England,nation,2020-11-13,22008
E92000001,England,nation,2020-11-12,22320
E92000001,England,nation,2020-11-11,25065
E92000001,England,nation,2020-11-10,24836
E92000001,England,nation,2020-11-09,28560
E92000001,England,nation,2020-11-08,18272
E92000001,England,nation,2020-11-07,16888
E92000001,England,nation,2020-11-06,21179
E92000001,England,nation,2020-11-05,21206
E92000001,England,nation,2020-11-04,21053
E92000001,England,nation,2020-11-03,22690
E92000001,England,nation,2020-11-02,28394
E92000001,England,nation,2020-11-01,13611
E92000001,England,nation,2020-10-31,14565
E92000001,England,nation,2020-10-30,19899
E92000001,England,nation,2020-10-29,20257
E92000001,England,nation,2020-10-28,20547
E92000001,England,nation,2020-10-27,20762
E92000001,England,nation,2020-10-26,23033
E92000001,England,nation,2020-10-25,13353
E92000001,England,nation,2020-10-24,13713
E92000001,England,nation,2020-10-23,18359
E92000001,England,nation,2020-10-22,19866
E92000001,England,nation,2020-10-21,21762
E92000001,England,nation,2020-10-20,21638
E92000001,England,nation,2020-10-19,22369
E92000001,England,nation,2020-10-18,11982
E92000001,England,nation,2020-10-17,12487
E92000001,England,nation,2020-10-16,14761
E92000001,England,nation,2020-10-15,15428
E92000001,England,nation,2020-10-14,16646
E92000001,England,nation,2020-10-13,15660
E92000001,England,nation,2020-10-12,16420
E92000001,England,nation,2020-10-11,9781
E92000001,England,nation,2020-10-10,10301
E92000001,England,nation,2020-10-09,13159
E92000001,England,nation,2020-10-08,15452
E92000001,England,nation,2020-10-07,15418
E92000001,England,nation,2020-10-06,14458
E92000001,England,nation,2020-10-05,14218
E92000001,England,nation,2020-10-04,9966
E92000001,England,nation,2020-10-03,9820
E92000001,England,nation,2020-10-02,11719
E92000001,England,nation,2020-10-01,11444
E92000001,England,nation,2020-09-30,10663
E92000001,England,nation,2020-09-29,8832
E92000001,England,nation,2020-09-28,8641
E92000001,England,nation,2020-09-27,6084
E92000001,England,nation,2020-09-26,5704
E92000001,England,nation,2020-09-25,6105
E92000001,England,nation,2020-09-24,6361
E92000001,England,nation,2020-09-23,5933
E92000001,England,nation,2020-09-22,5400
E92000001,England,nation,2020-09-21,4727
E92000001,England,nation,2020-09-20,4652
E92000001,England,nation,2020-09-19,4215
E92000001,England,nation,2020-09-18,4290
E92000001,England,nation,2020-09-17,3979
E92000001,England,nation,2020-09-16,3778
E92000001,England,nation,2020-09-15,3057
E92000001,England,nation,2020-09-14,2941
E92000001,England,nation,2020-09-13,1722
E92000001,England,nation,2020-09-12,2224
E92000001,England,nation,2020-09-11,2893
E92000001,England,nation,2020-09-10,3143
E92000001,England,nation,2020-09-09,2893
E92000001,England,nation,2020-09-08,3071
E92000001,England,nation,2020-09-07,3530
E92000001,England,nation,2020-09-06,2079
E92000001,England,nation,2020-09-05,2200
E92000001,England,nation,2020-09-04,2637
E92000001,England,nation,2020-09-03,2716
E92000001,England,nation,2020-09-02,2696
E92000001,England,nation,2020-09-01,1962
E92000001,England,nation,2020-08-31,1279
E92000001,England,nation,2020-08-30,987
E92000001,England,nation,2020-08-29,1051
E92000001,England,nation,2020-08-28,1395
E92000001,England,nation,2020-08-27,1356
E92000001,England,nation,2020-08-26,1181
E92000001,England,nation,2020-08-25,1085
E92000001,England,nation,2020-08-24,1156
E92000001,England,nation,2020-08-23,704
E92000001,England,nation,2020-08-22,732
E92000001,England,nation,2020-08-21,1031
E92000001,England,nation,2020-08-20,1254
E92000001,England,nation,2020-08-19,1109
E92000001,England,nation,2020-08-18,955
E92000001,England,nation,2020-08-17,1159
E92000001,England,nation,2020-08-16,534
E92000001,England,nation,2020-08-15,656
E92000001,England,nation,2020-08-14,1059
E92000001,England,nation,2020-08-13,1036
E92000001,England,nation,2020-08-12,1126
E92000001,England,nation,2020-08-11,1247
E92000001,England,nation,2020-08-10,1375
E92000001,England,nation,2020-08-09,569
E92000001,England,nation,2020-08-08,648
E92000001,England,nation,2020-08-07,892
E92000001,England,nation,2020-08-06,1005
E92000001,England,nation,2020-08-05,973
E92000001,England,nation,2020-08-04,965
E92000001,England,nation,2020-08-03,963
E92000001,England,nation,2020-08-02,518
E92000001,England,nation,2020-08-01,508
E92000001,England,nation,2020-07-31,644
E92000001,England,nation,2020-07-30,879
E92000001,England,nation,2020-07-29,994
E92000001,England,nation,2020-07-28,796
E92000001,England,nation,2020-07-27,824
E92000001,England,nation,2020-07-26,518
E92000001,England,nation,2020-07-25,499
E92000001,England,nation,2020-07-24,720
E92000001,England,nation,2020-07-23,741
E92000001,England,nation,2020-07-22,764
E92000001,England,nation,2020-07-21,697
E92000001,England,nation,2020-07-20,769
E92000001,England,nation,2020-07-19,419
E92000001,England,nation,2020-07-18,473
E92000001,England,nation,2020-07-17,548
E92000001,England,nation,2020-07-16,644
E92000001,England,nation,2020-07-15,726
E92000001,England,nation,2020-07-14,661
E92000001,England,nation,2020-07-13,694
E92000001,England,nation,2020-07-12,351
E92000001,England,nation,2020-07-11,432
E92000001,England,nation,2020-07-10,524
E92000001,England,nation,2020-07-09,688
E92000001,England,nation,2020-07-08,682
E92000001,England,nation,2020-07-07,565
E92000001,England,nation,2020-07-06,664
E92000001,England,nation,2020-07-05,544
E92000001,England,nation,2020-07-04,385
E92000001,England,nation,2020-07-03,536
E92000001,England,nation,2020-07-02,561
E92000001,England,nation,2020-07-01,607
E92000001,England,nation,2020-06-30,578
E92000001,England,nation,2020-06-29,666
E92000001,England,nation,2020-06-28,413
E92000001,England,nation,2020-06-27,506
E92000001,England,nation,2020-06-26,640
E92000001,England,nation,2020-06-25,643
E92000001,England,nation,2020-06-24,732
E92000001,England,nation,2020-06-23,727
E92000001,England,nation,2020-06-22,821
E92000001,England,nation,2020-06-21,550
E92000001,England,nation,2020-06-20,626
E92000001,England,nation,2020-06-19,818
E92000001,England,nation,2020-06-18,938
E92000001,England,nation,2020-06-17,914
E92000001,England,nation,2020-06-16,996
E92000001,England,nation,2020-06-15,944
E92000001,England,nation,2020-06-14,752
E92000001,England,nation,2020-06-13,785
E92000001,England,nation,2020-06-12,938
E92000001,England,nation,2020-06-11,915
E92000001,England,nation,2020-06-10,1086
E92000001,England,nation,2020-06-09,1066
E92000001,England,nation,2020-06-08,990
E92000001,England,nation,2020-06-07,668
E92000001,England,nation,2020-06-06,723
E92000001,England,nation,2020-06-05,1020
E92000001,England,nation,2020-06-04,1147
E92000001,England,nation,2020-06-03,1251
E92000001,England,nation,2020-06-02,1365
E92000001,England,nation,2020-06-01,1319
E92000001,England,nation,2020-05-31,984
E92000001,England,nation,2020-05-30,1010
E92000001,England,nation,2020-05-29,1374
E92000001,England,nation,2020-05-28,1575
E92000001,England,nation,2020-05-27,1616
E92000001,England,nation,2020-05-26,1461
E92000001,England,nation,2020-05-25,1389
E92000001,England,nation,2020-05-24,1206
E92000001,England,nation,2020-05-23,1309
E92000001,England,nation,2020-05-22,1798
E92000001,England,nation,2020-05-21,2277
E92000001,England,nation,2020-05-20,2359
E92000001,England,nation,2020-05-19,2602
E92000001,England,nation,2020-05-18,2226
E92000001,England,nation,2020-05-17,1593
E92000001,England,nation,2020-05-16,1781
E92000001,England,nation,2020-05-15,2145
E92000001,England,nation,2020-05-14,2222
E92000001,England,nation,2020-05-13,2899
E92000001,England,nation,2020-05-12,2940
E92000001,England,nation,2020-05-11,3088
E92000001,England,nation,2020-05-10,2013
E92000001,England,nation,2020-05-09,1797
E92000001,England,nation,2020-05-08,2622
E92000001,England,nation,2020-05-07,3205
E92000001,England,nation,2020-05-06,3264
E92000001,England,nation,2020-05-05,3148
E92000001,England,nation,2020-05-04,2851
E92000001,England,nation,2020-05-03,2648
E92000001,England,nation,2020-05-02,2762
E92000001,England,nation,2020-05-01,4109
E92000001,England,nation,2020-04-30,4314
E92000001,England,nation,2020-04-29,4737
E92000001,England,nation,2020-04-28,4113
E92000001,England,nation,2020-04-27,4056
E92000001,England,nation,2020-04-26,3137
E92000001,England,nation,2020-04-25,3381
E92000001,England,nation,2020-04-24,4352
E92000001,England,nation,2020-04-23,4574
E92000001,England,nation,2020-04-22,4812
E92000001,England,nation,2020-04-21,3996
E92000001,England,nation,2020-04-20,3698
E92000001,England,nation,2020-04-19,3494
E92000001,England,nation,2020-04-18,4142
E92000001,England,nation,2020-04-17,4088
E92000001,England,nation,2020-04-16,4360
E92000001,England,nation,2020-04-15,4240
E92000001,England,nation,2020-04-14,3568
E92000001,England,nation,2020-04-13,3463
E92000001,England,nation,2020-04-12,2958
E92000001,England,nation,2020-04-11,3085
E92000001,England,nation,2020-04-10,3590
E92000001,England,nation,2020-04-09,4076
E92000001,England,nation,2020-04-08,4315
E92000001,England,nation,2020-04-07,4605
E92000001,England,nation,2020-04-06,4407
E92000001,England,nation,2020-04-05,3094
E92000001,England,nation,2020-04-04,3405
E92000001,England,nation,2020-04-03,4102
E92000001,England,nation,2020-04-02,4097
E92000001,England,nation,2020-04-01,4150
E92000001,England,nation,2020-03-31,3816
E92000001,England,nation,2020-03-30,3514
E92000001,England,nation,2020-03-29,2449
E92000001,England,nation,2020-03-28,2379
E92000001,England,nation,2020-03-27,2673
E92000001,England,nation,2020-03-26,2633
E92000001,England,nation,2020-03-25,2284
E92000001,England,nation,2020-03-24,2041
E92000001,England,nation,2020-03-23,2010
E92000001,England,nation,2020-03-22,1212
E92000001,England,nation,2020-03-21,1040
E92000001,England,nation,2020-03-20,1096
E92000001,England,nation,2020-03-19,932
E92000001,England,nation,2020-03-18,910
E92000001,England,nation,2020-03-17,683
E92000001,England,nation,2020-03-16,552
E92000001,England,nation,2020-03-15,398
E92000001,England,nation,2020-03-14,315
E92000001,England,nation,2020-03-13,401
E92000001,England,nation,2020-03-12,421
E92000001,England,nation,2020-03-11,358
E92000001,England,nation,2020-03-10,229
E92000001,England,nation,2020-03-09,127
E92000001,England,nation,2020-03-08,50
E92000001,England,nation,2020-03-07,55
E92000001,England,nation,2020-03-06,74
E92000001,England,nation,2020-03-05,46
E92000001,England,nation,2020-03-04,49
E92000001,England,nation,2020-03-03,53
E92000001,England,nation,2020-03-02,40
E92000001,England,nation,2020-03-01,18
E92000001,England,nation,2020-02-29,4
E92000001,England,nation,2020-02-28,11
E92000001,England,nation,2020-02-27,7
E92000001,England,nation,2020-02-26,1
E92000001,England,nation,2020-02-25,3
E92000001,England,nation,2020-02-24,2
E92000001,England,nation,2020-02-23,6
E92000001,England,nation,2020-02-22,0
E92000001,England,nation,2020-02-21,2
E92000001,England,nation,2020-02-20,0
E92000001,England,nation,2020-02-19,0
E92000001,England,nation,2020-02-18,0
E92000001,England,nation,2020-02-17,1
E92000001,England,nation,2020-02-16,0
E92000001,England,nation,2020-02-15,0
E92000001,England,nation,2020-02-14,0
E92000001,England,nation,2020-02-13,1
E92000001,England,nation,2020-02-12,1
E92000001,England,nation,2020-02-11,4
E92000001,England,nation,2020-02-10,1
E92000001,England,nation,2020-02-09,1
E92000001,England,nation,2020-02-08,3
E92000001,England,nation,2020-02-07,0
E92000001,England,nation,2020-02-06,0
E92000001,England,nation,2020-02-05,1
E92000001,England,nation,2020-02-04,0
E92000001,England,nation,2020-02-03,18
E92000001,England,nation,2020-02-02,1
E92000001,England,nation,2020-02-01,0
E92000001,England,nation,2020-01-31,0
E92000001,England,nation,2020-01-30,1
